Product URL,Product Name,Product Price,Rating,Number of Reviews
,,,,Learn more
,,,,
/American-Tourister-AMT-SCH-02/dp/B07CJCGM1M/ref=sr_1_1?crid=2M096C61O4MLT&keywords=bags&qid=1688564983&sprefix=ba%2Caps%2C283&sr=8-1,,1,199,4.0 out of 5 stars,Get it by Tomorrow, 6 July FREE Delivery by Amazon
/Skybags-Brat-Black-Casual-Backpack/dp/B08Z1HHHTD/ref=sr_1_2?crid=2M096C61O4MLT&keywords=bags&qid=1688564983&sprefix=ba%2Caps%2C283&sr=8-2,,599,4.1 out of 5 stars,FREE Delivery by Amazon
/Rucksack-Travel-Backpack-Trekking-Compartment/dp/B07YDGQQN5/ref=sr_1_3?crid=2M096C61O4MLT&keywords=bags&qid=1688564983&sprefix=ba%2Caps%2C283&sr=8-3,,849,4.3 out of 5 stars,FREE Delivery by Amazon
https://aax-eu.amazon.in/x/c/RLyZ0oboJhVlG8vQdgY_S54AAAGJJlDl6AMAAAH2AQBvbm9fdHhuX2JpZDIgICBvbm9fdHhuX2ltcDEgICANXmBN/https://www.amazon.in/Sirona-Sanitary-Napkin-Diapers-Disposal/dp/B01NAZVN8M/ref=sxin_14_sbv_search_btf?content-id=amzn1.sym.ea7f11f8-e26c-4b10-84ad-15aa33ea30ac%3Aamzn1.sym.ea7f11f8-e26c-4b10-84ad-15aa33ea30ac&crid=2M096C61O4MLT&cv_ct_cx=bags&keywords=bags&pd_rd_i=B01NAZVN8M&pd_rd_r=76d1308e-6bb4-4c51-a40e-becf09e38653&pd_rd_w=yuV4w&pd_rd_wg=bmupn&pf_rd_p=ea7f11f8-e26c-4b10-84ad-15aa33ea30ac&pf_rd_r=C14R0W3XTFXVM5GM9220&qid=1688564983&sbo=RZvfv%2F%2FHxDF%2BO5021pAnSA%3D%3D&sprefix=ba%2Caps%2C283&sr=1-1-9131241a-a358-4619-a7b8-0f5a65d91d81,,225,4.5 out of 5 stars,Get it by Tomorrow, 6 July FREE Delivery by Amazon
/Amazon-Basics-Laptop-Backpack-Repellent/dp/B09W3XLDM2/ref=sxin_15_trfobq2av2_0_B09W3XLDM2?content-id=amzn1.sym.c1eb4b2a-b703-404b-a097-61cb8a5ee3cb%3Aamzn1.sym.c1eb4b2a-b703-404b-a097-61cb8a5ee3cb&crid=2M096C61O4MLT&cv_ct_cx=bags&keywords=bags&pd_rd_i=B09W3XLDM2&pd_rd_r=76d1308e-6bb4-4c51-a40e-becf09e38653&pd_rd_w=3l3nU&pd_rd_wg=bmupn&pf_rd_p=c1eb4b2a-b703-404b-a097-61cb8a5ee3cb&pf_rd_r=C14R0W3XTFXVM5GM9220&qid=1688564983&sbo=RZvfv%2F%2FHxDF%2BO5021pAnSA%3D%3D&sprefix=ba%2Caps%2C283&sr=1-1-973fd8bd-28ce-479e-8be4-fbaf1193947a,AmazonBasics Laptop Backpack MosQuick® Clear large Drawstring Bags Clear Plastic Travel Bags, Travel Garments Organizing Storage Plastic Bags ,Shoe bags , Stationery Bag,multipurpose bag - Translucent Presto! Oxo-Biodegradable Garbage Bags, Large (24 x 32 inches) - 15 bags/roll (Pack of 6, Black, plastic) Amazon Brand - Presto! Oxo-Biodegradable Garbage Bags, Medium -(19 x 21 inches) - 30 bags/roll (Pack of 6, Black) Amazon Brand - Solimo Cricket Kit Bag, Red DYAZO Water Resistant Camera Bag/Case Shoulder Strap Space for Photography Lens and Accessories Compatible for Nikon, Canon, Sony, Panasonic, Samsung & Other SLR/DSLR etc (Black & Silver) Amazon Brand - Solimo Badminton Kit Bag, Rapid, Blue AmazonBasics 20-Inch Carry-on, Orange,709 310 420 329 319 849 805 699 4,230,4.2 out of 5 stars 4.2 out of 5 stars 4.3 out of 5 stars 4.3 out of 5 stars 4.3 out of 5 stars 4.4 out of 5 stars 4.2 out of 5 stars 4.5 out of 5 stars,10% Off on Select Bank Cards
/Amazon-Basics-Laptop-Backpack-Repellent/dp/B09W3XLDM2/ref=sxin_15_trfobq2av2_0_B09W3XLDM2?content-id=amzn1.sym.c1eb4b2a-b703-404b-a097-61cb8a5ee3cb%3Aamzn1.sym.c1eb4b2a-b703-404b-a097-61cb8a5ee3cb&crid=2M096C61O4MLT&cv_ct_cx=bags&keywords=bags&pd_rd_i=B09W3XLDM2&pd_rd_r=76d1308e-6bb4-4c51-a40e-becf09e38653&pd_rd_w=3l3nU&pd_rd_wg=bmupn&pf_rd_p=c1eb4b2a-b703-404b-a097-61cb8a5ee3cb&pf_rd_r=C14R0W3XTFXVM5GM9220&qid=1688564983&sbo=RZvfv%2F%2FHxDF%2BO5021pAnSA%3D%3D&sprefix=ba%2Caps%2C283&sr=1-1-973fd8bd-28ce-479e-8be4-fbaf1193947a,AmazonBasics Laptop Backpack,709,4.2 out of 5 stars,M.R.P:
/MosQuick%C2%AE-Drawstring-Organizing-Stationery-multipurpose/dp/B09SB5DP5Y/ref=sxin_15_trfobq2av2_1_B09SB5DP5Y?content-id=amzn1.sym.c1eb4b2a-b703-404b-a097-61cb8a5ee3cb%3Aamzn1.sym.c1eb4b2a-b703-404b-a097-61cb8a5ee3cb&crid=2M096C61O4MLT&cv_ct_cx=bags&keywords=bags&pd_rd_i=B09SB5DP5Y&pd_rd_r=76d1308e-6bb4-4c51-a40e-becf09e38653&pd_rd_w=3l3nU&pd_rd_wg=bmupn&pf_rd_p=c1eb4b2a-b703-404b-a097-61cb8a5ee3cb&pf_rd_r=C14R0W3XTFXVM5GM9220&qid=1688564983&sbo=EO%2BcdOgoisx3waG5xqcZQA%3D%3D&sprefix=ba%2Caps%2C283&sr=1-2-973fd8bd-28ce-479e-8be4-fbaf1193947a,MosQuick® Clear large Drawstring Bags Clear Plastic Travel Bags, Travel Garments Organizing Storage Plastic Bags ,Shoe bags , Stationery Bag,multipurpose bag - Translucent,310 420,4.2 out of 5 stars,₹310₹310-₹420₹420
/Amazon-Brand-Presto-Oxo-Biodegradable-Garbage/dp/B0821PYKVK/ref=sxin_15_trfobq2av2_2_B0821PYKVK?content-id=amzn1.sym.c1eb4b2a-b703-404b-a097-61cb8a5ee3cb%3Aamzn1.sym.c1eb4b2a-b703-404b-a097-61cb8a5ee3cb&crid=2M096C61O4MLT&cv_ct_cx=bags&keywords=bags&pd_rd_i=B0821PYKVK&pd_rd_r=76d1308e-6bb4-4c51-a40e-becf09e38653&pd_rd_w=3l3nU&pd_rd_wg=bmupn&pf_rd_p=c1eb4b2a-b703-404b-a097-61cb8a5ee3cb&pf_rd_r=C14R0W3XTFXVM5GM9220&qid=1688564983&rdc=1&sbo=Tc8eqSFhUl4VwMzbE4fw%2Fw%3D%3D&sprefix=ba%2Caps%2C283&sr=1-3-973fd8bd-28ce-479e-8be4-fbaf1193947a,Presto! Oxo-Biodegradable Garbage Bags, Large (24 x 32 inches) - 15 bags/roll (Pack of 6, Black, plastic),329,4.3 out of 5 stars,Extra 5% off
/Amazon-Brand-Presto-Oxo-Biodegradable-Garbage/dp/B0821PN8L4/ref=sxin_15_trfobq2av2_3_B0821PN8L4?content-id=amzn1.sym.c1eb4b2a-b703-404b-a097-61cb8a5ee3cb%3Aamzn1.sym.c1eb4b2a-b703-404b-a097-61cb8a5ee3cb&crid=2M096C61O4MLT&cv_ct_cx=bags&keywords=bags&pd_rd_i=B0821PN8L4&pd_rd_r=76d1308e-6bb4-4c51-a40e-becf09e38653&pd_rd_w=3l3nU&pd_rd_wg=bmupn&pf_rd_p=c1eb4b2a-b703-404b-a097-61cb8a5ee3cb&pf_rd_r=C14R0W3XTFXVM5GM9220&qid=1688564983&rdc=1&sbo=Tc8eqSFhUl4VwMzbE4fw%2Fw%3D%3D&sprefix=ba%2Caps%2C283&sr=1-4-973fd8bd-28ce-479e-8be4-fbaf1193947a,Amazon Brand - Presto! Oxo-Biodegradable Garbage Bags, Medium -(19 x 21 inches) - 30 bags/roll (Pack of 6, Black),319,4.3 out of 5 stars,Extra 5% off
/Amazon-Brand-Solimo-Cricket-Kit/dp/B08J8HQ3MD/ref=sxin_15_trfobq2av2_4_B08J8HQ3MD?content-id=amzn1.sym.c1eb4b2a-b703-404b-a097-61cb8a5ee3cb%3Aamzn1.sym.c1eb4b2a-b703-404b-a097-61cb8a5ee3cb&crid=2M096C61O4MLT&cv_ct_cx=bags&keywords=bags&pd_rd_i=B08J8HQ3MD&pd_rd_r=76d1308e-6bb4-4c51-a40e-becf09e38653&pd_rd_w=3l3nU&pd_rd_wg=bmupn&pf_rd_p=c1eb4b2a-b703-404b-a097-61cb8a5ee3cb&pf_rd_r=C14R0W3XTFXVM5GM9220&qid=1688564983&sbo=RZvfv%2F%2FHxDF%2BO5021pAnSA%3D%3D&sprefix=ba%2Caps%2C283&sr=1-5-973fd8bd-28ce-479e-8be4-fbaf1193947a,Amazon Brand - Solimo Cricket Kit Bag, Red,849,4.3 out of 5 stars,M.R.P:
/Resistant-Photography-Accessories-Compatible-Panasonic/dp/B0BRJLWQ6R/ref=sxin_15_trfobq2av2_5_B0BRJLWQ6R?content-id=amzn1.sym.c1eb4b2a-b703-404b-a097-61cb8a5ee3cb%3Aamzn1.sym.c1eb4b2a-b703-404b-a097-61cb8a5ee3cb&crid=2M096C61O4MLT&cv_ct_cx=bags&keywords=bags&pd_rd_i=B0BRJLWQ6R&pd_rd_r=76d1308e-6bb4-4c51-a40e-becf09e38653&pd_rd_w=3l3nU&pd_rd_wg=bmupn&pf_rd_p=c1eb4b2a-b703-404b-a097-61cb8a5ee3cb&pf_rd_r=C14R0W3XTFXVM5GM9220&qid=1688564983&sbo=RZvfv%2F%2FHxDF%2BO5021pAnSA%3D%3D&sprefix=ba%2Caps%2C283&sr=1-6-973fd8bd-28ce-479e-8be4-fbaf1193947a,DYAZO Water Resistant Camera Bag/Case Shoulder Strap Space for Photography Lens and Accessories Compatible for Nikon, Canon, Sony, Panasonic, Samsung & Other SLR/DSLR etc (Black & Silver),805,4.4 out of 5 stars,M.R.P:
/Amazon-Brand-Solimo-Badminton-Rapid/dp/B08J8HJN8P/ref=sxin_15_trfobq2av2_6_B08J8HJN8P?content-id=amzn1.sym.c1eb4b2a-b703-404b-a097-61cb8a5ee3cb%3Aamzn1.sym.c1eb4b2a-b703-404b-a097-61cb8a5ee3cb&crid=2M096C61O4MLT&cv_ct_cx=bags&keywords=bags&pd_rd_i=B08J8HJN8P&pd_rd_r=76d1308e-6bb4-4c51-a40e-becf09e38653&pd_rd_w=3l3nU&pd_rd_wg=bmupn&pf_rd_p=c1eb4b2a-b703-404b-a097-61cb8a5ee3cb&pf_rd_r=C14R0W3XTFXVM5GM9220&qid=1688564983&sbo=RZvfv%2F%2FHxDF%2BO5021pAnSA%3D%3D&sprefix=ba%2Caps%2C283&sr=1-7-973fd8bd-28ce-479e-8be4-fbaf1193947a,Amazon Brand - Solimo Badminton Kit Bag, Rapid, Blue,699,4.2 out of 5 stars,M.R.P:
/AmazonBasics-T1913-5-20-Inch-Carry-on-Orange/dp/B07P6PF6SP/ref=sxin_15_trfobq2av2_7_B07P6PF6SP?content-id=amzn1.sym.c1eb4b2a-b703-404b-a097-61cb8a5ee3cb%3Aamzn1.sym.c1eb4b2a-b703-404b-a097-61cb8a5ee3cb&crid=2M096C61O4MLT&cv_ct_cx=bags&keywords=bags&pd_rd_i=B07P6PF6SP&pd_rd_r=76d1308e-6bb4-4c51-a40e-becf09e38653&pd_rd_w=3l3nU&pd_rd_wg=bmupn&pf_rd_p=c1eb4b2a-b703-404b-a097-61cb8a5ee3cb&pf_rd_r=C14R0W3XTFXVM5GM9220&qid=1688564983&sbo=RZvfv%2F%2FHxDF%2BO5021pAnSA%3D%3D&sprefix=ba%2Caps%2C283&sr=1-8-973fd8bd-28ce-479e-8be4-fbaf1193947a,AmazonBasics 20-Inch Carry-on, Orange,4,230,4.5 out of 5 stars,10% Off on Select Bank Cards
,,,,
/Wesley-Milestone-Waterproof-Backpack-Business/dp/B084JGJ8PF/ref=sr_1_4?crid=2M096C61O4MLT&keywords=bags&qid=1688564983&sprefix=ba%2Caps%2C283&sr=8-4,,550,4.3 out of 5 stars,Get it by Friday, 7 July FREE Delivery by Amazon
/American-Tourister-BACKPACK-COMPARTMENT-ORGANIZER/dp/B0BTD4S4XF/ref=sr_1_5?crid=2M096C61O4MLT&keywords=bags&qid=1688564983&sprefix=ba%2Caps%2C283&sr=8-5,,1,299,4.3 out of 5 stars,FREE Delivery by Amazon
/Half-Moon-Waterproof-Backpack-Students/dp/B085MHDJ93/ref=sr_1_6?crid=2M096C61O4MLT&keywords=bags&qid=1688564983&sprefix=ba%2Caps%2C283&sr=8-6,,649,3.9 out of 5 stars,FREE Delivery by Amazon
/ADISA-Laptop-Backpack-Office-College/dp/B09TPX22NF/ref=sr_1_7?crid=2M096C61O4MLT&keywords=bags&qid=1688564983&sprefix=ba%2Caps%2C283&sr=8-7,,499,3.9 out of 5 stars,Get it by Tomorrow, 6 July FREE Delivery by Amazon
/Gear-Black-Laptop-Backpack-LBPASPIRE0104/dp/B075MK4TXP/ref=sr_1_8?crid=2M096C61O4MLT&keywords=bags&qid=1688564983&sprefix=ba%2Caps%2C283&sr=8-8,,1,085,4.4 out of 5 stars,FREE Delivery by Amazon
/Number-Backpack-Compartment-Charging-Organizer/dp/B09VTDMRY7/ref=sr_1_9?crid=2M096C61O4MLT&keywords=bags&qid=1688564983&sprefix=ba%2Caps%2C283&sr=8-9,,679,4.0 out of 5 stars,FREE Delivery by Amazon
/Gear-Classic-Leather-Backpack-LBPCLSLTH0201/dp/B07G4F6XFH/ref=sr_1_10?crid=2M096C61O4MLT&keywords=bags&qid=1688564983&sprefix=ba%2Caps%2C283&sr=8-10,,988,4.4 out of 5 stars,FREE Delivery by Amazon
/Half-Moon-Resistant-Backpack-Compartment/dp/B0BJ32LQ6X/ref=sr_1_11?crid=2M096C61O4MLT&keywords=bags&qid=1688564983&sprefix=ba%2Caps%2C283&sr=8-11,,849,3.9 out of 5 stars,FREE Delivery by Amazon
/GEAR-Black-Blue-Backpack-years/dp/B019HA8AYG/ref=sr_1_12?crid=2M096C61O4MLT&keywords=bags&qid=1688564983&sprefix=ba%2Caps%2C283&sr=8-12,,199,3.7 out of 5 stars,FREE Delivery by Amazon
/SAFARI-Ltrs-Casual-Backpack-DAYPACKNEO15CBSEB/dp/B07Q7CNPMV/ref=sr_1_13?crid=2M096C61O4MLT&keywords=bags&qid=1688564983&sprefix=ba%2Caps%2C283&sr=8-13,,248,4.0 out of 5 stars,FREE Delivery by Amazon
/American-Tourister-BACKPACK-COMPARTMENT-ORGANIZER/dp/B0BTD4FK9G/ref=sr_1_14?crid=2M096C61O4MLT&keywords=bags&qid=1688564983&sprefix=ba%2Caps%2C283&sr=8-14,,1,399,4.3 out of 5 stars,FREE Delivery by Amazon
/Swisslook-Polyester-15-6-inch-Backpack-Waterproof/dp/B07XYTZP4Z/ref=sr_1_15?crid=2M096C61O4MLT&keywords=bags&qid=1688564983&sprefix=ba%2Caps%2C283&sr=8-15,,2,844 3,299,4.3 out of 5 stars,FREE Delivery
/FUR-JADEN-Leatherette-Polypropylene-DUFF05/dp/B07M9BRCQ5/ref=sr_1_16?crid=2M096C61O4MLT&keywords=bags&qid=1688564983&sprefix=ba%2Caps%2C283&sr=8-16,,899,4.3 out of 5 stars,FREE Delivery by Amazon
https://aax-eu.amazon.in/x/c/RKDLLkIgd5bWoKxEFjdUNFsAAAGJJlDmAQMAAAH2AQBvbm9fdHhuX2JpZDIgICBvbm9fdHhuX2ltcDEgICDyO-dn/https://www.amazon.in/Lunars-Bingo-Laptop-Resistant-48L/dp/B08YZ8FFBZ/ref=sxbs_sbv_search_btf?content-id=amzn1.sym.71f3e964-c052-406d-85d3-3536a795e6d0%3Aamzn1.sym.71f3e964-c052-406d-85d3-3536a795e6d0&crid=2M096C61O4MLT&cv_ct_cx=bags&keywords=bags&pd_rd_i=B08YZ8FFBZ&pd_rd_r=2cb91ce0-d793-4e88-b3db-537c60715f3e&pd_rd_w=9jpY0&pd_rd_wg=Rxnsw&pf_rd_p=71f3e964-c052-406d-85d3-3536a795e6d0&pf_rd_r=C14R0W3XTFXVM5GM9220&qid=1688564983&sbo=EO%2BcdOgoisx3waG5xqcZQA%3D%3D&sprefix=ba%2Caps%2C283&sr=1-1-f1821008-9dea-4812-b2b6-4a6e4a4f2d55,,899,3.9 out of 5 stars,FREE Delivery
,,,,american tourister bags
,,,,
,,,,
,,,,contact us
,,,,
,,387. 437. 387.,,
,,,,Price and other details may vary based on product size and colour.
/American-Tourister-AMT-SCH-02/dp/B07CJCGM1M/ref=sr_1_1?crid=2M096C61O4MLT&keywords=bags&qid=1688565001&sprefix=ba%2Caps%2C283&sr=8-1,,1,199,4.0 out of 5 stars,Get it by Tomorrow, 6 July FREE Delivery by Amazon
/Skybags-Brat-Black-Casual-Backpack/dp/B08Z1HHHTD/ref=sr_1_2?crid=2M096C61O4MLT&keywords=bags&qid=1688565001&sprefix=ba%2Caps%2C283&sr=8-2,,599,4.1 out of 5 stars,FREE Delivery by Amazon
/Rucksack-Travel-Backpack-Trekking-Compartment/dp/B07YDGQQN5/ref=sr_1_3?crid=2M096C61O4MLT&keywords=bags&qid=1688565001&sprefix=ba%2Caps%2C283&sr=8-3,,849,4.3 out of 5 stars,FREE Delivery by Amazon
/sspa/click?ie=UTF8&spc=MTo2MTY4NjcyMDQ1MTExNjgwOjE2ODg1NjUwMDE6c3Bfc2VhcmNoX3RoZW1hdGljOjIwMTQ0NzQzNzUzODk4OjowOjo&url=%2FRed-Lemon-Backpack-Multifunctional-Charcoal%2Fdp%2FB0BGSV19KZ%2Fref%3Dsxin_17_pa_sp_search_thematic_sspa%3Fcontent-id%3Damzn1.sym.616e5834-3c6e-4dee-90f6-4dee5ca0036e%253Aamzn1.sym.616e5834-3c6e-4dee-90f6-4dee5ca0036e%26crid%3D2M096C61O4MLT%26cv_ct_cx%3Dbags%26keywords%3Dbags%26pd_rd_i%3DB0BGSV19KZ%26pd_rd_r%3D3f894cd2-2ba1-4522-a67d-a7b0d94ac052%26pd_rd_w%3DFt8Rd%26pd_rd_wg%3D1U1qw%26pf_rd_p%3D616e5834-3c6e-4dee-90f6-4dee5ca0036e%26pf_rd_r%3D9VV9C7GPHCQ1VD4E912R%26qid%3D1688565001%26sbo%3DRZvfv%252F%252FHxDF%252BO5021pAnSA%253D%253D%26sprefix%3Dba%252Caps%252C283%26sr%3D1-1-4ee099be-f899-4559-8c70-591c3be4cc31-spons%26sp_csd%3Dd2lkZ2V0TmFtZT1zcF9zZWFyY2hfdGhlbWF0aWM%26psc%3D1,Red Lemon Swiss Cut Design 15.6 Inch Smart Laptop Backpack Bag With USB Charging Port, Anti Theft Pocket and Accessories Organiser for Men Women Boys Girls Red Lemon Swisslook Polyester Bange Series 45L 15.6-inch Laptop Bags Backpack for Men and Women Semi Waterproof USB with Anti Theft Pocket Travel Backpack Red Lemon Titan Ultrafit Plus Bange Series 15.6-inch Laptop Bags Backpacks for Men and Women55L Outdoor and Camping 3in1 Office Bags,Travelling,Backpack Red Lemon Polyester Bange Series 15.6inch Laptop Bag for Men 35 LTR Capacity Daily Office Bag for Men and Women Black (1903) COSMUS Atomic Dx 3 Compartment Large Laptop Bag Polyester Laptop Backpack,1,799 2,844 3,799 3,299 1,939,4.4 out of 5 stars 4.3 out of 5 stars 4.4 out of 5 stars 4.3 out of 5 stars 4.4 out of 5 stars,M.R.P:
/sspa/click?ie=UTF8&spc=MTo2MTY4NjcyMDQ1MTExNjgwOjE2ODg1NjUwMDE6c3Bfc2VhcmNoX3RoZW1hdGljOjIwMTQ0NzQzNzUzODk4OjowOjo&url=%2FRed-Lemon-Backpack-Multifunctional-Charcoal%2Fdp%2FB0BGSV19KZ%2Fref%3Dsxin_17_pa_sp_search_thematic_sspa%3Fcontent-id%3Damzn1.sym.616e5834-3c6e-4dee-90f6-4dee5ca0036e%253Aamzn1.sym.616e5834-3c6e-4dee-90f6-4dee5ca0036e%26crid%3D2M096C61O4MLT%26cv_ct_cx%3Dbags%26keywords%3Dbags%26pd_rd_i%3DB0BGSV19KZ%26pd_rd_r%3D3f894cd2-2ba1-4522-a67d-a7b0d94ac052%26pd_rd_w%3DFt8Rd%26pd_rd_wg%3D1U1qw%26pf_rd_p%3D616e5834-3c6e-4dee-90f6-4dee5ca0036e%26pf_rd_r%3D9VV9C7GPHCQ1VD4E912R%26qid%3D1688565001%26sbo%3DRZvfv%252F%252FHxDF%252BO5021pAnSA%253D%253D%26sprefix%3Dba%252Caps%252C283%26sr%3D1-1-4ee099be-f899-4559-8c70-591c3be4cc31-spons%26sp_csd%3Dd2lkZ2V0TmFtZT1zcF9zZWFyY2hfdGhlbWF0aWM%26psc%3D1,Red Lemon Swiss Cut Design 15.6 Inch Smart Laptop Backpack Bag With USB Charging Port, Anti Theft Pocket and Accessories Organiser for Men Women Boys Girls,1,799,4.4 out of 5 stars,M.R.P:
/sspa/click?ie=UTF8&spc=MTo2MTY4NjcyMDQ1MTExNjgwOjE2ODg1NjUwMDE6c3Bfc2VhcmNoX3RoZW1hdGljOjIwMTE2ODc5MTcwNTk4OjoxOjo&url=%2FRed-Lemon-Swisslook-Polyester-Waterproof%2Fdp%2FB0BHYZLZQH%2Fref%3Dsxin_17_pa_sp_search_thematic_sspa%3Fcontent-id%3Damzn1.sym.616e5834-3c6e-4dee-90f6-4dee5ca0036e%253Aamzn1.sym.616e5834-3c6e-4dee-90f6-4dee5ca0036e%26crid%3D2M096C61O4MLT%26cv_ct_cx%3Dbags%26keywords%3Dbags%26pd_rd_i%3DB0BHYZLZQH%26pd_rd_r%3D3f894cd2-2ba1-4522-a67d-a7b0d94ac052%26pd_rd_w%3DFt8Rd%26pd_rd_wg%3D1U1qw%26pf_rd_p%3D616e5834-3c6e-4dee-90f6-4dee5ca0036e%26pf_rd_r%3D9VV9C7GPHCQ1VD4E912R%26qid%3D1688565001%26sbo%3DRZvfv%252F%252FHxDF%252BO5021pAnSA%253D%253D%26sprefix%3Dba%252Caps%252C283%26sr%3D1-2-4ee099be-f899-4559-8c70-591c3be4cc31-spons%26sp_csd%3Dd2lkZ2V0TmFtZT1zcF9zZWFyY2hfdGhlbWF0aWM%26psc%3D1,Red Lemon Swisslook Polyester Bange Series 45L 15.6-inch Laptop Bags Backpack for Men and Women Semi Waterproof USB with Anti Theft Pocket Travel Backpack,2,844,4.3 out of 5 stars,M.R.P:
/sspa/click?ie=UTF8&spc=MTo2MTY4NjcyMDQ1MTExNjgwOjE2ODg1NjUwMDE6c3Bfc2VhcmNoX3RoZW1hdGljOjIwMTE2ODc5MTY5MTk4OjoyOjo&url=%2FUltrafit-15-6-inch-Backpacks-Travelling-Backpack-Black%2Fdp%2FB082Y7TZ8Z%2Fref%3Dsxin_17_pa_sp_search_thematic_sspa%3Fcontent-id%3Damzn1.sym.616e5834-3c6e-4dee-90f6-4dee5ca0036e%253Aamzn1.sym.616e5834-3c6e-4dee-90f6-4dee5ca0036e%26crid%3D2M096C61O4MLT%26cv_ct_cx%3Dbags%26keywords%3Dbags%26pd_rd_i%3DB082Y7TZ8Z%26pd_rd_r%3D3f894cd2-2ba1-4522-a67d-a7b0d94ac052%26pd_rd_w%3DFt8Rd%26pd_rd_wg%3D1U1qw%26pf_rd_p%3D616e5834-3c6e-4dee-90f6-4dee5ca0036e%26pf_rd_r%3D9VV9C7GPHCQ1VD4E912R%26qid%3D1688565001%26sbo%3DRZvfv%252F%252FHxDF%252BO5021pAnSA%253D%253D%26sprefix%3Dba%252Caps%252C283%26sr%3D1-3-4ee099be-f899-4559-8c70-591c3be4cc31-spons%26sp_csd%3Dd2lkZ2V0TmFtZT1zcF9zZWFyY2hfdGhlbWF0aWM%26psc%3D1,Red Lemon Titan Ultrafit Plus Bange Series 15.6-inch Laptop Bags Backpacks for Men and Women55L Outdoor and Camping 3in1 Office Bags,Travelling,Backpack,3,799,4.4 out of 5 stars,M.R.P:
/sspa/click?ie=UTF8&spc=MTo2MTY4NjcyMDQ1MTExNjgwOjE2ODg1NjUwMDE6c3Bfc2VhcmNoX3RoZW1hdGljOjIwMTE2ODc5MTcxODk4OjozOjo&url=%2FRed-Lemon-Polyester-15-6-inch-Waterproof%2Fdp%2FB07XYY2FW4%2Fref%3Dsxin_17_pa_sp_search_thematic_sspa%3Fcontent-id%3Damzn1.sym.616e5834-3c6e-4dee-90f6-4dee5ca0036e%253Aamzn1.sym.616e5834-3c6e-4dee-90f6-4dee5ca0036e%26crid%3D2M096C61O4MLT%26cv_ct_cx%3Dbags%26keywords%3Dbags%26pd_rd_i%3DB07XYY2FW4%26pd_rd_r%3D3f894cd2-2ba1-4522-a67d-a7b0d94ac052%26pd_rd_w%3DFt8Rd%26pd_rd_wg%3D1U1qw%26pf_rd_p%3D616e5834-3c6e-4dee-90f6-4dee5ca0036e%26pf_rd_r%3D9VV9C7GPHCQ1VD4E912R%26qid%3D1688565001%26sbo%3DRZvfv%252F%252FHxDF%252BO5021pAnSA%253D%253D%26sprefix%3Dba%252Caps%252C283%26sr%3D1-4-4ee099be-f899-4559-8c70-591c3be4cc31-spons%26sp_csd%3Dd2lkZ2V0TmFtZT1zcF9zZWFyY2hfdGhlbWF0aWM%26psc%3D1,Red Lemon Polyester Bange Series 15.6inch Laptop Bag for Men 35 LTR Capacity Daily Office Bag for Men and Women Black (1903),3,299,4.3 out of 5 stars,M.R.P:
/sspa/click?ie=UTF8&spc=MTo2MTY4NjcyMDQ1MTExNjgwOjE2ODg1NjUwMDE6c3Bfc2VhcmNoX3RoZW1hdGljOjIwMDIxMjEzNDg3NDA2Ojo0Ojo&url=%2FCosmus-Atomic-Compartment-Large-Laptop%2Fdp%2FB077NZJ5XZ%2Fref%3Dsxin_17_pa_sp_search_thematic_sspa%3Fcontent-id%3Damzn1.sym.616e5834-3c6e-4dee-90f6-4dee5ca0036e%253Aamzn1.sym.616e5834-3c6e-4dee-90f6-4dee5ca0036e%26crid%3D2M096C61O4MLT%26cv_ct_cx%3Dbags%26keywords%3Dbags%26pd_rd_i%3DB077NZJ5XZ%26pd_rd_r%3D3f894cd2-2ba1-4522-a67d-a7b0d94ac052%26pd_rd_w%3DFt8Rd%26pd_rd_wg%3D1U1qw%26pf_rd_p%3D616e5834-3c6e-4dee-90f6-4dee5ca0036e%26pf_rd_r%3D9VV9C7GPHCQ1VD4E912R%26qid%3D1688565001%26sbo%3DRZvfv%252F%252FHxDF%252BO5021pAnSA%253D%253D%26sprefix%3Dba%252Caps%252C283%26sr%3D1-5-4ee099be-f899-4559-8c70-591c3be4cc31-spons%26sp_csd%3Dd2lkZ2V0TmFtZT1zcF9zZWFyY2hfdGhlbWF0aWM%26psc%3D1,COSMUS Atomic Dx 3 Compartment Large Laptop Bag Polyester Laptop Backpack,1,939,4.4 out of 5 stars,M.R.P:
,,,,
/Wesley-Milestone-Waterproof-Backpack-Business/dp/B084JGJ8PF/ref=sr_1_4?crid=2M096C61O4MLT&keywords=bags&qid=1688565001&sprefix=ba%2Caps%2C283&sr=8-4,,550,4.3 out of 5 stars,Get it by Friday, 7 July FREE Delivery by Amazon
/American-Tourister-BACKPACK-COMPARTMENT-ORGANIZER/dp/B0BTD4S4XF/ref=sr_1_5?crid=2M096C61O4MLT&keywords=bags&qid=1688565001&sprefix=ba%2Caps%2C283&sr=8-5,,1,299,4.3 out of 5 stars,FREE Delivery by Amazon
/Half-Moon-Waterproof-Backpack-Students/dp/B085MHDJ93/ref=sr_1_6?crid=2M096C61O4MLT&keywords=bags&qid=1688565001&sprefix=ba%2Caps%2C283&sr=8-6,,649,3.9 out of 5 stars,FREE Delivery by Amazon
/ADISA-Laptop-Backpack-Office-College/dp/B09TPX22NF/ref=sr_1_7?crid=2M096C61O4MLT&keywords=bags&qid=1688565001&sprefix=ba%2Caps%2C283&sr=8-7,,499,3.9 out of 5 stars,Get it by Tomorrow, 6 July FREE Delivery by Amazon
/Gear-Black-Laptop-Backpack-LBPASPIRE0104/dp/B075MK4TXP/ref=sr_1_8?crid=2M096C61O4MLT&keywords=bags&qid=1688565001&sprefix=ba%2Caps%2C283&sr=8-8,,1,085,4.4 out of 5 stars,FREE Delivery by Amazon
/Number-Backpack-Compartment-Charging-Organizer/dp/B09VTDMRY7/ref=sr_1_9?crid=2M096C61O4MLT&keywords=bags&qid=1688565001&sprefix=ba%2Caps%2C283&sr=8-9,,679,4.0 out of 5 stars,FREE Delivery by Amazon
https://aax-eu.amazon.in/x/c/RIrSaqZd8sm6k44ybwfnOfMAAAGJJlEsvwMAAAH2AQBvbm9fdHhuX2JpZDEgICBvbm9fdHhuX2ltcDEgICC8Y6vG/https://www.amazon.in/Sirona-Sanitary-Napkin-Diapers-Disposal/dp/B01NAZVN8M/ref=sxin_25_sbv_search_btf?content-id=amzn1.sym.ea7f11f8-e26c-4b10-84ad-15aa33ea30ac%3Aamzn1.sym.ea7f11f8-e26c-4b10-84ad-15aa33ea30ac&crid=2M096C61O4MLT&cv_ct_cx=bags&keywords=bags&pd_rd_i=B01NAZVN8M&pd_rd_r=3f894cd2-2ba1-4522-a67d-a7b0d94ac052&pd_rd_w=2RzAq&pd_rd_wg=1U1qw&pf_rd_p=ea7f11f8-e26c-4b10-84ad-15aa33ea30ac&pf_rd_r=9VV9C7GPHCQ1VD4E912R&qid=1688565001&sbo=RZvfv%2F%2FHxDF%2BO5021pAnSA%3D%3D&sprefix=ba%2Caps%2C283&sr=1-1-9131241a-a358-4619-a7b8-0f5a65d91d81,,225,4.5 out of 5 stars,Get it by Tomorrow, 6 July FREE Delivery by Amazon
/Amazon-Basics-Laptop-Backpack-Repellent/dp/B09W3XLDM2/ref=sxin_26_trfobq2av2_0_B09W3XLDM2?content-id=amzn1.sym.c1eb4b2a-b703-404b-a097-61cb8a5ee3cb%3Aamzn1.sym.c1eb4b2a-b703-404b-a097-61cb8a5ee3cb&crid=2M096C61O4MLT&cv_ct_cx=bags&keywords=bags&pd_rd_i=B09W3XLDM2&pd_rd_r=3f894cd2-2ba1-4522-a67d-a7b0d94ac052&pd_rd_w=SGLiG&pd_rd_wg=1U1qw&pf_rd_p=c1eb4b2a-b703-404b-a097-61cb8a5ee3cb&pf_rd_r=9VV9C7GPHCQ1VD4E912R&qid=1688565001&sbo=RZvfv%2F%2FHxDF%2BO5021pAnSA%3D%3D&sprefix=ba%2Caps%2C283&sr=1-1-973fd8bd-28ce-479e-8be4-fbaf1193947a,AmazonBasics Laptop Backpack MosQuick® Clear large Drawstring Bags Clear Plastic Travel Bags, Travel Garments Organizing Storage Plastic Bags ,Shoe bags , Stationery Bag,multipurpose bag - Translucent Presto! Oxo-Biodegradable Garbage Bags, Large (24 x 32 inches) - 15 bags/roll (Pack of 6, Black, plastic) Amazon Brand - Presto! Oxo-Biodegradable Garbage Bags, Medium -(19 x 21 inches) - 30 bags/roll (Pack of 6, Black) Amazon Brand - Solimo Cricket Kit Bag, Red DYAZO Water Resistant Camera Bag/Case Shoulder Strap Space for Photography Lens and Accessories Compatible for Nikon, Canon, Sony, Panasonic, Samsung & Other SLR/DSLR etc (Black & Silver) Amazon Brand - Solimo Badminton Kit Bag, Rapid, Blue AmazonBasics 20-Inch Carry-on, Orange,709 310 420 329 319 849 805 699 4,230,4.2 out of 5 stars 4.2 out of 5 stars 4.3 out of 5 stars 4.3 out of 5 stars 4.3 out of 5 stars 4.4 out of 5 stars 4.2 out of 5 stars 4.5 out of 5 stars,10% Off on Select Bank Cards
/Amazon-Basics-Laptop-Backpack-Repellent/dp/B09W3XLDM2/ref=sxin_26_trfobq2av2_0_B09W3XLDM2?content-id=amzn1.sym.c1eb4b2a-b703-404b-a097-61cb8a5ee3cb%3Aamzn1.sym.c1eb4b2a-b703-404b-a097-61cb8a5ee3cb&crid=2M096C61O4MLT&cv_ct_cx=bags&keywords=bags&pd_rd_i=B09W3XLDM2&pd_rd_r=3f894cd2-2ba1-4522-a67d-a7b0d94ac052&pd_rd_w=SGLiG&pd_rd_wg=1U1qw&pf_rd_p=c1eb4b2a-b703-404b-a097-61cb8a5ee3cb&pf_rd_r=9VV9C7GPHCQ1VD4E912R&qid=1688565001&sbo=RZvfv%2F%2FHxDF%2BO5021pAnSA%3D%3D&sprefix=ba%2Caps%2C283&sr=1-1-973fd8bd-28ce-479e-8be4-fbaf1193947a,AmazonBasics Laptop Backpack,709,4.2 out of 5 stars,M.R.P:
/MosQuick%C2%AE-Drawstring-Organizing-Stationery-multipurpose/dp/B09SB5DP5Y/ref=sxin_26_trfobq2av2_1_B09SB5DP5Y?content-id=amzn1.sym.c1eb4b2a-b703-404b-a097-61cb8a5ee3cb%3Aamzn1.sym.c1eb4b2a-b703-404b-a097-61cb8a5ee3cb&crid=2M096C61O4MLT&cv_ct_cx=bags&keywords=bags&pd_rd_i=B09SB5DP5Y&pd_rd_r=3f894cd2-2ba1-4522-a67d-a7b0d94ac052&pd_rd_w=SGLiG&pd_rd_wg=1U1qw&pf_rd_p=c1eb4b2a-b703-404b-a097-61cb8a5ee3cb&pf_rd_r=9VV9C7GPHCQ1VD4E912R&qid=1688565001&sbo=EO%2BcdOgoisx3waG5xqcZQA%3D%3D&sprefix=ba%2Caps%2C283&sr=1-2-973fd8bd-28ce-479e-8be4-fbaf1193947a,MosQuick® Clear large Drawstring Bags Clear Plastic Travel Bags, Travel Garments Organizing Storage Plastic Bags ,Shoe bags , Stationery Bag,multipurpose bag - Translucent,310 420,4.2 out of 5 stars,₹310₹310-₹420₹420
/Amazon-Brand-Presto-Oxo-Biodegradable-Garbage/dp/B0821PYKVK/ref=sxin_26_trfobq2av2_2_B0821PYKVK?content-id=amzn1.sym.c1eb4b2a-b703-404b-a097-61cb8a5ee3cb%3Aamzn1.sym.c1eb4b2a-b703-404b-a097-61cb8a5ee3cb&crid=2M096C61O4MLT&cv_ct_cx=bags&keywords=bags&pd_rd_i=B0821PYKVK&pd_rd_r=3f894cd2-2ba1-4522-a67d-a7b0d94ac052&pd_rd_w=SGLiG&pd_rd_wg=1U1qw&pf_rd_p=c1eb4b2a-b703-404b-a097-61cb8a5ee3cb&pf_rd_r=9VV9C7GPHCQ1VD4E912R&qid=1688565001&rdc=1&sbo=Tc8eqSFhUl4VwMzbE4fw%2Fw%3D%3D&sprefix=ba%2Caps%2C283&sr=1-3-973fd8bd-28ce-479e-8be4-fbaf1193947a,Presto! Oxo-Biodegradable Garbage Bags, Large (24 x 32 inches) - 15 bags/roll (Pack of 6, Black, plastic),329,4.3 out of 5 stars,Extra 5% off
/Amazon-Brand-Presto-Oxo-Biodegradable-Garbage/dp/B0821PN8L4/ref=sxin_26_trfobq2av2_3_B0821PN8L4?content-id=amzn1.sym.c1eb4b2a-b703-404b-a097-61cb8a5ee3cb%3Aamzn1.sym.c1eb4b2a-b703-404b-a097-61cb8a5ee3cb&crid=2M096C61O4MLT&cv_ct_cx=bags&keywords=bags&pd_rd_i=B0821PN8L4&pd_rd_